﻿<parameters>
  <parameter name="IIS Web Application Name" defaultValue="Default Web Site/tensorflex" tags="IisApp">
    <parameterEntry kind="ProviderPath" scope="IisApp" match="^\\\\vmware-host\\Shared\ Folders\\Documentos\\Visual\ Studio\ 2013\\Projects\\TensorflexDatabase\\Tensorflex\\obj\\Release\\Package\\PackageTmp$" />
    <parameterEntry kind="ProviderPath" scope="setAcl" match="^\\\\vmware-host\\Shared\ Folders\\Documentos\\Visual\ Studio\ 2013\\Projects\\TensorflexDatabase\\Tensorflex\\obj\\Release\\Package\\PackageTmp$" />
  </parameter>
  <parameter name="DefaultConnection-Web.config Connection String" defaultValue="Data Source=WIN-NDIKOJQVJ8F;User ID=Mahdi;Password=Tijani1979!">
    <parameterEntry kind="XmlFile" scope="\\\\vmware-host\\Shared\ Folders\\Documentos\\Visual\ Studio\ 2013\\Projects\\TensorflexDatabase\\Tensorflex\\obj\\Release\\Package\\PackageTmp\\Web\.config$" match="/configuration/connectionStrings/add[@name='DefaultConnection']/@connectionString" />
  </parameter>
  <parameter name="TensorflexEntities-Web.config Connection String" defaultValue="metadata=res://*/Models.Model1.csdl|res://*/Models.Model1.ssdl|res://*/Models.Model1.msl;provider=System.Data.SqlClient;provider connection string=&quot;Data Source=WIN-NDIKOJQVJ8F;Initial Catalog=Tensorflex;User ID=Mahdi;Password=Tijani1979!&quot;">
    <parameterEntry kind="XmlFile" scope="\\\\vmware-host\\Shared\ Folders\\Documentos\\Visual\ Studio\ 2013\\Projects\\TensorflexDatabase\\Tensorflex\\obj\\Release\\Package\\PackageTmp\\Web\.config$" match="/configuration/connectionStrings/add[@name='TensorflexEntities']/@connectionString" />
  </parameter>
  <parameter name="TensorflexEntities1-Web.config Connection String" defaultValue="metadata=res://*/Models.Tensorflex.csdl|res://*/Models.Tensorflex.ssdl|res://*/Models.Tensorflex.msl;provider=System.Data.SqlClient;provider connection string=&quot;data source=WIN-NDIKOJQVJ8F;initial catalog=Tensorflex;user id=Mahdi;password=Tijani1979!;MultipleActiveResultSets=True;App=EntityFramework&quot;">
    <parameterEntry kind="XmlFile" scope="\\\\vmware-host\\Shared\ Folders\\Documentos\\Visual\ Studio\ 2013\\Projects\\TensorflexDatabase\\Tensorflex\\obj\\Release\\Package\\PackageTmp\\Web\.config$" match="/configuration/connectionStrings/add[@name='TensorflexEntities1']/@connectionString" />
  </parameter>
</parameters>